,precision,recall,f1-score,support
0,0.9999553671055568,0.9999107381951263,0.9999330521523733,22406.0
1,0.9997271114749625,0.9998635371179039,0.9997953196424917,7328.0
accuracy,0.9998991054012242,0.9998991054012242,0.9998991054012242,0.9998991054012242
macro avg,0.9998412392902596,0.999887137656515,0.9998641858974324,29734.0
weighted avg,0.999899113077811,0.9998991054012242,0.999899107717302,29734.0
