{
    "accuracy": 0.9998991054012242,
    "precision": 0.9997271114749625,
    "recall": 0.9998635371179039,
    "f1_score": 0.9997953196424917,
    "roc_auc": 0.9999277123115415
}